id2.2013,typ_border,trust_natgov,trust_eu,eqi_2013,Competitiveness,Convergence,Cooperation,Multi.Objective,Less.Developed,Transition,More.Developed,unemployment_2013,education_2013,soc_idx,migration_2013,sgi_aggregated,agr_share,eu_id_positive,eu_id_neutral,eu_id_negative,eu_id_dk,eu_att_positive,eu_att_neutral,eu_att_negative,eu_att_dk,weight
AT11,1,1.7852364796847087,1.2544904992379033,0.03540815838974742,0,1,1,0,0,1,0,4.3,15.8,2.360854620296562,0.20264846526150745,-0.10132423263075373,0.15198634894613058,0.8713884006244821,1.198327924579714,1.034858162602098,0.272224438334625,0.7440576149518349,1.373618847030918,1.2591224641581664,0,0.03377474421025124
AT13,1,9.566271338068908,9.275123949518985,0.09664215773533663,1,0,1,0,0,0,1,9.2,30.6,15.173724289807943,2.594331194400209,1.9592389180110379,0.12452789733121003,8.523934572321327,5.722056882369102,6.340545439114112,0.16396173148609322,12.155998244481621,6.425639502290438,1.8409374155463882,0.3258479980166663,0.20754649555201674
AT21,1,1.131388859234061,0.9489067851640514,0.0568677471381136,1,0,1,0,0,0,1,5.5,17.3,4.654008218515606,0.16985431454436517,-0.08950015804837703,0.333175770837024,1.121691761817981,1.8030688774709533,3.5669406054316686,0.03985043533540875,1.9781494786166838,3.4042724349641804,1.149783052300318,0,0.06532858251706353
AT22,2,3.5539674317618233,4.080481125356167,0.15970921515021533,1,0,1,0,0,0,1,4.7,17.5,10.54273908358273,0.6426757772435964,0.1456731761752152,1.0425629275285009,2.5964101400641293,4.83149367647797,6.779515365723005,0.07140841969373293,4.575851533974406,6.391053562589097,3.313350673789208,0,0.14281683938746587
AT31,2,5.883867602581693,3.2170786891813576,0.16605254906206016,1,0,1,0,0,0,1,4.3,17.2,12.089239890164313,0.8046083121573585,0.1139861775556258,1.0392857365365882,2.3534793130602734,5.072384901225348,8.64451055374062,0.6889458672847383,6.208894142147616,6.475420645549742,3.771601463237618,0.303404384376004,0.1676267316994497
AT33,1,2.1829271685156653,2.3076658638594174,0.11644135674416346,1,0,1,0,0,0,1,3.1,19.1,6.372700363199755,0.5174161082858845,-0.013571570053400251,0.3901826390352572,1.8847517911659597,2.8856550826042286,3.5930731716377164,0.11705479171057714,3.566778254659253,3.408160529660138,1.4267113018637014,0.07888475093538896,0.08482231283375156
BE10,0,5.152459122269129,5.520491916716924,0.021144433565635497,1,0,0,0,0,0,1,19.2,41.5,7.011852808018001,0.020977869283524315,0.6198960373281435,0.1468450849846702,4.817567680961359,4.049777665184369,1.5775357701210284,0.04195573856704863,8.54743283957198,1.5691446224076189,0.37130828631838037,0,0.10488934641762157
BE21,2,5.834942733382385,5.778837514792171,0.21291666536038437,1,0,1,0,0,0,1,6.2,35.4,11.643673108639423,0.3070077561256578,0.8677008686288329,0.1454247265858379,4.682676196063981,6.0286628321306805,5.033311370165389,0.4088050647357443,7.301937104904461,6.036741983607671,2.5869443029325168,0.22944790194654424,0.1615830295398199
BE23,2,5.95493125925151,5.444508579887096,0.17337614715817418,1,0,1,0,0,0,1,4,37.3,9.712912564708912,0.5657751832599339,0.7157713946358235,0.1973634360209072,4.793299982827766,5.331444285044774,2.9341364155108205,0.09736596177031422,5.339338822485609,6.220895503378995,1.4302270330315074,0.16446953001742265,0.13157562401393813
BE24,0,4.6813556842678095,4.474825286432465,0.13062885743253638,1,0,1,0,0,0,1,5.5,44.3,7.366691454309337,0.35688452745947535,0.6295046526021301,0.09913459096096537,4.0575788080323125,4.257830681773463,1.5296467385276957,0.0664201759438468,7.564960636231268,1.9559254796598469,0.3905902883862036,0,0.09913459096096537
BE25,2,4.383568745213308,4.5309155937919074,0.13882280097202002,1,0,1,0,0,0,1,3.9,32.8,7.453724518909135,0.28445309118098466,0.3445042993191925,0.2423118924875054,4.065572143953407,4.27733166738814,1.8373562630356934,0.35293253905788835,6.988064273346189,2.9899180473023494,0.5214973338318052,0.034766488922120344,0.10535299673369801
BE31,0,1.2124040907343414,1.2573079459467245,0.0056349982617585085,1,0,0,0,0,0,1,8.2,51.2,2.4128727367532314,0.1576125317954644,0.08756251766414688,0.06654751342475163,1.4815577988773652,1.1673834854984062,0.8080269130047475,0.044832009044043206,2.349477473964389,0.886482928831823,0.2658398036283499,0,0.03502500706565875
BE32,2,2.493861433634842,3.32514857817979,0.01920147720162349,0,1,1,0,0,1,0,13.2,28,7.452156735987636,0.28643779894891613,0.27927685397519325,0.22676325750122528,2.7354809799621496,5.063981587251047,4.016096639429596,0.11576861040852028,6.09993162678296,4.24285989693082,1.325968310967691,0.2649549640277475,0.11934908289538174
BE33,2,2.2271480822224774,2.4944058520891748,0.015765847645167985,1,0,1,0,0,1,0,11.7,31.9,6.350044612032727,0.195989031235578,0.18128985389290966,0.14699177342668351,2.341088978108979,3.5552410266133854,3.8590240250285315,0.043117586871827165,5.184889821337216,3.6150176811402366,0.9035094339960147,0.09505468014925533,0.097994515617789
BG31,2,2.5220207910476393,5.866439666132552,-0.22597170317970286,0,1,1,0,1,0,0,14,19.4,4.543190183608791,-0.6039691529169738,-0.8276614317751123,0.9954306409187161,5.726522338768344,4.105871778441132,1.187806000736715,0.16105844077785966,5.645993118379414,2.849839632652684,2.258173555072908,0.4294891754076258,0.11184613942906922
BG32,2,3.2816034710218864,4.673798882970565,-0.1605026291125039,0,1,1,0,1,0,0,15.3,22,5.331631103622201,-0.2999186687455154,-0.7705602720077088,0.9805033401295696,4.9428903675943605,4.47916996438014,1.6991546117774778,0.41181140285441925,4.531078964739941,4.531078964739941,1.9563925468938237,0.5144758702326918,0.11535333413289055
BG33,2,2.3865704806575994,6.873322984293885,-0.014605868619316042,0,1,1,0,1,0,0,16.8,25.2,6.0165059966101175,0.13173869053229947,-0.8668405837025306,1.1461266076310053,6.67783422308226,4.25384231728795,2.1038668878008226,0.13700823815359145,5.488233847575596,3.9337172992944622,3.6135922813009747,0.13700823815359145,0.13173869053229947
BG34,2,2.9360679478259932,5.682712157082568,-0.23364347908414906,0,1,0,0,1,0,0,13,20.5,5.831030944382422,0.014680339739129966,-1.1142377861999644,1.291869897043437,6.258228830791105,5.3377715291476555,2.9903852048607744,0.0910181063826058,6.402096160234578,2.514742197312963,4.847448181860715,0.9145851657477969,0.14680339739129966
BG41,2,6.525325376772936,13.290552421809585,-0.7628611078164262,0,1,1,0,1,0,0,9.8,35.1,14.887529847107455,0.9102828900598247,-0.971947214870329,1.0571027110372158,13.249020644999769,8.817998447902108,6.530545637074354,0.7605266726628858,14.775946783164638,7.003305460621554,6.715538611505868,0.8633005473470595,0.29363964195478215
BG42,2,5.66453072639037,9.771315503023388,-0.1886398482170817,0,1,1,0,1,0,0,13.5,20.5,8.871363183868118,-0.3009281948394884,-1.3401335610185217,2.24693052146818,11.314900125964764,6.471962377014597,2.0743983564268733,0.19660642062846576,9.184328506501187,6.187083685899882,3.865924209704628,0.820530877929005,0.20061879655965895
CY00,1,23.55289421157685,20.55888223552894,0.230092,0,0,1,1,0,0,1,15.9,39.3,58.98,-14,-3.88,3.1,24.37,35.76,38.86,0.99,28.3,42.4,28.2,1.1,1
CZ01,0,3.4926593930217744,2.6960879525080363,-0.03973070403301086,1,1,1,1,0,0,1,3.1,38.4,7.787435589277786,-0.5085189526787317,0.6338747875251167,0.04730408862127737,3.019183456253028,5.031972427088379,3.7110057523392093,0.06267791742319252,4.465505965848584,4.465505965848584,2.436160563995785,0.4564844551953266,0.11826022155319342
CZ02,0,2.0472599348720917,4.094519869744183,-0.035342047732305946,0,1,1,1,1,0,0,5.2,19.9,7.320392598506586,0.8795868581722246,-0.5859782872048764,0.3840449662442108,4.023800162455473,6.013400858546449,2.259671027191743,0.0891975405470425,3.9680516996135715,5.36300212539093,2.7886619968248985,0.2675926216411275,0.12388547298200348
CZ03,1,2.8354359391871733,2.9488533767546605,-0.015614700350128739,0,1,1,1,1,0,0,5.2,18,7.275501785079152,0.16116617878339892,-0.3522632193408577,0.5755934956549962,2.6293110881520225,6.018405590568641,2.7455809742743322,0.11626988612230924,3.2716734293029988,5.376043249417665,2.7455809742743322,0.11626988612230924,0.11511869913099924
CZ05,1,4.2093468831308165,3.3580183000257082,-0.026164988071727353,0,1,1,1,1,0,0,8.3,16.8,8.819111435721883,-0.07165348907801335,-0.5159051213616961,0.6018893082553122,3.8993828756254865,5.945806523693547,4.435350973929026,0.04872437257304908,3.837760875018395,7.165348907801334,3.172816496374431,0.15333846662694858,0.1433069781560267
CZ06,1,6.949490552244838,5.930231937915596,-0.010423054414973376,0,1,1,1,1,0,0,6.8,22.6,10.157722865688667,-0.01598382827016313,-0.13266577464235396,0.7352561004275038,5.189949039321967,6.2001269859962775,4.40833983691099,0.18221564227985965,6.329595994984599,5.054086499025582,4.007145747329896,0.5914016459960357,0.15983828270163128
CZ07,1,2.50419124803743,3.2276242752482434,-0.02908458422842545,0,1,1,1,1,0,0,8,16.2,7.142337415394116,-0.12793634842751228,-0.34891731389321523,0.4303313538016322,3.2902902700130197,3.5170865240436098,4.652230851909537,0.1698064260946981,5.016267916071459,2.964634110379352,3.3635629059305954,0.2849491396794592,0.11630577129773842
DE11,0,2.2987883501438615,1.6190391068217518,0.04821916666567823,1,0,0,0,0,0,1,3.6,32.5,3.620319751779253,1.4461603356292123,0.22774565829806986,0.054108039768439926,1.9439543014988598,1.8155706798664704,1.0811770128275542,0.07722692948768244,2.9641367967692633,1.5661818056610246,0.2843131544196207,0.10329716683065804,0.04918912706221811
DE12,2,1.5639120364309134,1.1014649288841378,0.032804470724937834,1,0,1,0,0,0,1,3.6,31,2.469334705857977,1.2114096266710768,0.13051098187892815,0.016732177163965148,1.3225112830398054,1.2351693182439072,0.7355465081279079,0.052539036294850565,2.0165619918010798,1.0655050418013006,0.19342396801543713,0.07027514408865362,0.033464354327930296
DE13,2,1.2582091604021934,0.8861580645843405,0.02639207615695444,1,0,1,0,0,0,1,2.9,29.7,2.001722834849969,0.8615350466065772,0.05680746713562118,0.0349998612683922,1.0639957825591229,0.9937268303202738,0.5917668851378928,0.0422690632241352,1.6223781846410106,0.8572273713735443,0.155614767793313,0.05653823743355663,0.026922970206455538
DE14,2,1.0305603846773481,0.725824787057702,0.02161693700278787,1,0,1,0,0,0,1,2.9,33.1,1.6384469548090177,0.6725791671827058,0.024256953570523817,0.048513907141047634,0.8714861864610012,0.8139310511709399,0.48469803589101224,0.03462128827792944,1.328840020145241,0.7021285469867984,0.12745926512511604,0.046308729543727285,0.02205177597320347
DE21,2,1.711591568856245,1.1964523588121323,0.0578044570574168,1,0,1,0,0,0,1,2.5,37,4.095411557250474,1.4221331849930707,0.3519364613445887,0.09407106671160391,1.3269553998495658,2.305294493650246,1.816124946749906,0.08355724160854229,3.049562639103818,1.873120945992819,0.5373117986880436,0.07249005728953008,0.05533592159506112
DE22,2,0.4554013205702563,0.31833878719474223,0.015379969472731861,1,0,1,0,0,0,1,3.2,23.2,1.0426948220473384,0.33274361731530433,-0.01442870552960169,0.05005877428637322,0.3530615904080087,0.6133672166971494,0.4832144035525791,0.02223198505071281,0.8113938385064788,0.49837926752756867,0.14296197009431882,0.019287351269161444,0.014723168907756828
DE23,2,0.41283041371703316,0.2885804833750134,0.013942250216649741,1,0,1,0,0,0,1,3.4,26.7,0.9596383249031853,0.18952523245654007,0.005605675889559636,0.034701803125845365,0.32005739959914303,0.5560296608548915,0.43804353022701725,0.020153739507702502,0.7355447577943608,0.4517907830037945,0.12959788782767637,0.017484370036483628,0.013346847356094371
DE24,2,0.4045484609669225,0.2827911571807613,0.013662549269995022,1,0,1,0,0,0,1,3.9,26.1,0.9416945534119352,0.10201690995295964,0.0188338910682387,0.022234454733337357,0.31363660265025284,0.5448749318769613,0.4292557672636071,0.019749427439611417,0.7207887060907187,0.4427272310138056,0.12699797380041516,0.017133609235689375,0.01307909101961021
DE25,0,0.6538614333983617,0.4570681864532236,0.022082432419104216,1,0,0,0,0,0,1,3.1,28.9,1.5298586402299155,0.517915388774809,0.049677598515134744,0.03593698615988471,0.506922898890609,0.8806675549534099,0.6937952269220095,0.03192049947142701,1.1649925336889684,0.7155688126541749,0.2052636091838121,0.027692618746734687,0.021139403623461592
DE26,0,0.4970826049210052,0.3474752189739065,0.01678764409277038,1,0,0,0,0,0,1,3.3,28.4,1.1800736214779957,0.23784678738763904,0.012535168524483678,0.024106093316314765,0.3853760784834854,0.6695065650384486,0.527441321760967,0.024266800605090198,0.8856578684414045,0.5439941725048365,0.15604677740094425,0.021052654829581564,0.016070728877543176
DE27,2,0.6916403271764837,0.4834767335602604,0.023358314167302743,1,0,1,0,0,0,1,3.3,26.2,1.625853689993952,0.2683295871259445,0.011851223431395884,0.058138077210621315,0.5362119582733458,0.9315508833055707,0.7338814207894583,0.03376480638001469,1.2323036288759002,0.7569130436844351,0.21712335758274345,0.029292646594582278,0.022360798927162043
DE40,2,1.0595134485406834,0.8585712427829677,0.01738951327715964,0,1,1,0,0,1,0,7.3,30,2.1229836317874686,0.6459013191983014,-0.02307993759263623,0.06671281231156166,1.099245202860959,1.41855698178857,0.478512808307474,0.035175846491550686,1.5444016050126521,1.0170671476953534,0.4330267999132274,0.03760176693924384,0.030324005596164386
DE71,0,1.9665543076808665,1.44790262213866,0.039767761266476825,1,0,0,0,0,0,1,4.3,32.5,3.4752191358294864,1.3014915734074748,0.3293956854878554,0.042594269675153715,1.783280090399769,1.8519041915430723,0.9829810901699363,0.11405798879680051,2.6380051018811868,1.6588101690157084,0.21723077534328394,0.21723077534328394,0.04732696630572635
DE72,0,0.5263809271165856,0.3875551880968267,0.010644501889950413,1,0,0,0,0,0,1,4.5,29.4,0.9362806963492217,0.20775271844306908,0.021788699739151148,0.02026855789688479,0.4773245384716368,0.4956929190656887,0.26311121719893565,0.030529515332182715,0.7061058857327239,0.44400809642863237,0.05814542546668824,0.05814542546668824,0.012667848685552993
DE73,0,0.6172601581691549,0.4544662703003668,0.012482266324150854,1,0,0,0,0,0,1,4.3,26.3,1.0857477303700873,0.1931142494843499,0.02153966628863903,0.02673889608244845,0.5597342246592542,0.5812738909478933,0.308537150906919,0.03580041086594487,0.8280144820198203,0.5206657264943434,0.06818418501024354,0.06818418501024354,0.014854942268026916
DE80,2,0.728246289760988,0.598202309446526,0.016425937341315276,0,1,1,0,0,1,0,10,26.3,1.4052136372043778,0.3735903466473869,-0.0031626696012477203,0.06127672352417458,0.5892448800824658,0.8962214982535728,0.4419830767743689,0.04902137881933966,0.8948378303030269,0.8948378303030269,0.18679517332369344,0,0.01976668500779825
DE91,0,0.7787589839411404,0.5457444848091456,0.020710035207221998,1,0,0,0,0,0,1,6.2,25.7,1.395003845050822,0.45824140842457806,0.0600588739552213,0.035099341921882576,0.593373874823826,0.9094629484647796,0.41612219811831896,0.030809422353652485,1.0036461826218313,0.7382561584235968,0.16477191068883762,0.04289919568230093,0.019499634401045875
DE92,0,1.0379320996232133,0.7273697391060313,0.02760239145764675,1,0,0,0,0,0,1,5.4,27,1.8535473162008318,0.6679215651480844,0.07926695617516176,0.03378591574679026,0.7908503201344829,1.2121347003309983,0.5546088015665417,0.04106288221532971,1.3376623719133036,0.9839498232103687,0.2196084523541367,0.057176165109952756,0.025989165959069433
DE93,0,0.825863702537442,0.5787548781561601,0.02196272108394689,0,1,0,0,0,1,0,4.3,23.2,1.4651147226204195,0.38049556663677797,-4.1358213764867177e-4,0.07237687408851756,0.6292652224324541,0.9644735449967026,0.4412921408711327,0.03267298887424507,1.0643536312388566,0.7829109865689357,0.1747384531565638,0.045494035141353896,0.020679106882433587
DE94,2,1.209644802436092,0.847703837927655,0.03216885707038984,1,0,1,0,0,0,1,4,22.3,2.134144893222658,0.6421213700868628,0.0663323490797278,0.10601060355207641,0.9216864760256243,1.4126670141910982,0.6463617942289458,0.04785621531779449,1.5589616470929635,1.1467318429947464,0.25593988571858445,0.06663523651844803,0.03028874387202183
DEA1,2,2.835952569161866,2.119655270765312,0.04472889784090407,1,0,1,0,0,0,1,6.3,24.6,4.478390114098297,1.3042019606335782,0.6035871875782454,0.050403940507577905,2.775366974198508,2.0999541713969645,1.2922310247630286,0.13168029457604727,3.7387122871495913,1.7937502328134287,0.5752349710427329,0.19153497392879604,0.06300492563447238
DEA2,2,2.4147835619816314,1.804864002512044,0.03808618254983445,1,0,1,0,0,0,1,5.8,29.3,3.8830441622265637,1.593346388755581,0.40021427811840515,0.04828322390168427,2.363195569854658,1.7880887251590407,1.1003210246928272,0.11212437550502236,3.1834738959177162,1.5273593160899457,0.48980648246930825,0.163090000734578,0.05364802655742697
DEA3,2,1.4345692956308465,1.0722296281776944,0.02262615537640448,1,0,1,0,0,0,1,5.1,24.7,2.2698598389799614,0.40157587715736465,0.09975654726210725,0.07967775340423902,1.4039220149826914,1.0622638083853146,0.653676288928377,0.06661060184594382,1.8912311548030176,0.907370255767474,0.2909831554322809,0.09688814813955465,0.03187110136169561
DEA4,0,1.1281909997096984,0.8432355410201353,0.017793929461223757,1,0,0,0,0,0,1,5,23.2,1.7973716757699816,0.12532224764816494,0.04436407566745039,0.032583784388522885,1.104089001780333,0.8353981028226675,0.5140718598527726,0.05238469951693294,1.4873244350884216,0.7135848781086511,0.2288384242055492,0.07619592657008428,0.02506444952963299
DEA5,0,1.9792758169326783,1.479355636367208,0.031217315401264985,1,0,0,0,0,0,1,6.5,22.2,3.1378826654490806,1.0069718755434969,0.2392107861553111,0.043972570984432184,1.9369917518642377,1.4656057909111246,0.9018774308907042,0.09190267335746326,2.609332362216206,1.2518990959267842,0.40146957308786585,0.13367661579267384,0.043972570984432184
DEB1,0,0.8014216101340518,0.4007108050670259,0.01872916826502276,1,0,1,0,0,0,1,3.8,22.7,1.3232761962573965,0.01642914300774806,0.010222577871487682,0.020080063676136517,0.5333995096515537,0.8415372140635395,0.41474458792892877,0.035413930483368036,1.1259439341310002,0.5569479479626592,0.11847237568920545,0.023548438311105552,0.018254603341942288
DEB2,2,0.28218462904258684,0.14109231452129342,0.006594635498108936,1,0,1,0,0,0,1,3,27.5,0.4648396040370861,-0.0404934942676112,-0.003985074039034754,0.023139139581492118,0.18781268293644435,0.29630953741855187,0.1460336809143058,0.012469425218915196,0.39645059149623163,0.1961042079531457,0.04171472663441218,0.008291525016701343,0.006427538772636699
DEB3,2,1.0875949257788284,0.5437974628894142,0.025417019096464627,1,0,1,0,0,0,1,4.4,28.7,1.8057036443004282,0.3369127392301526,0.08026450552247753,0.044591391956931965,0.7238669294341955,1.1420350940080908,0.5628424584786078,0.048059611331360004,1.5279983643908686,0.7558240936699968,0.16077674100027137,0.03195716423580124,0.02477299553162887
DED2,2,0.6209758971457376,0.4406925721679429,0.015520544707217063,0,1,1,0,0,1,0,7.2,34.1,1.4357597072226969,0.4451662694914659,0.006303239214038456,0.03545572057896631,0.3750427332352881,0.9567135269557743,0.6252025395424392,0.01240950220263821,0.8881658005031061,0.7723437799451495,0.28305483595541436,0.025606909307031224,0.019697622543870173
DED4,2,0.5733669917072373,0.4069056070180394,0.01433061745123776,0,1,1,0,0,1,0,7.4,29.7,1.3027668706147177,0.23098058434743704,0.006687384574080854,0.03091866089690102,0.34628900204529145,0.8833643292720486,0.5772695863927284,0.01145809197943979,0.8200720116713336,0.7131298198632289,0.26135362181674565,0.023643681862336077,0.018187447586412366
DED5,0,0.3850555094217766,0.27326520023480916,0.00962399873523327,0,1,0,0,0,0,1,9.2,35.3,0.8956618870150718,0.4946721181523307,0.005618498132100546,0.02198542747343692,0.23255696616346608,0.5932401179915728,0.3876763711149377,0.007694899615702922,0.5507349582095948,0.4789158951297009,0.1755169959962714,0.01587836428637111,0.012214126374131622
DEE0,0,0.9522656297992054,0.5830197733464523,0.010411862897785956,0,1,1,0,0,1,0,9.1,25.7,1.9225543441917943,0.4335335034604219,0.01278368023024321,0.06391840115121604,0.4977298107035998,1.3895304598090445,0.8709576922083091,0.02056505080517386,1.2411286067014384,1.1116243678472357,0.40741033081601186,0.01834180206947939,0.027790609196180892
DK01,1,13.611893705403219,14.880799050822162,0.5069689566412279,1,0,1,0,0,0,1,7.4,47,25.389717392289462,2.2694372102817812,2.176172667393489,0.15544090481382064,12.646672015652447,12.379313659372675,5.732660569533706,0.3202082639164705,15.948236833897997,11.288118507579656,3.087056369602478,0.7585516154914447,0.3108818096276413
DK02,1,6.125957294959477,6.314448288650539,0.21000389490575744,1,0,1,0,0,1,0,6.8,28.8,11.357053597370644,0.43541419542635057,0.3730048274152403,0.39187277588371555,5.812779508941779,5.686509392268138,2.843254696134069,0.16836015556485553,7.452839645047701,4.952110782649027,1.5195955420379637,0.5878091638255732,0.14513806514211686
DK03,2,9.852439767441176,8.457802174789686,0.3609840242636037,1,0,1,0,0,0,1,7.2,28.6,17.08273591915035,0.27780281079428887,0.5427839533980721,0.8975167733353948,7.165175573794235,9.272203046433996,4.635033050867789,0.2948983683816297,10.50094624802412,7.137395292714806,3.1819106559438164,0.5449208980964897,0.21369446984176066
DK04,2,10.621177123244863,10.576922218564675,0.3997462190073811,1,0,1,0,0,0,1,6.5,33.5,18.611727649547248,0.5448663864224614,0.5085419606609641,0.862705111835564,8.09580639159374,11.376356093178977,3.0671437002364392,0.15664908609645767,10.590840386086594,8.138941647185518,3.3327660636173895,0.635677450826205,0.22702766100935895
DK05,1,4.595876050400239,4.23775583868074,0.18131308726417147,1,0,1,0,0,0,1,6.4,27.8,8.401070422685386,0.2787965848236301,0.22716758763406897,0.4956383730197868,3.7296787569738954,4.529928213412093,1.930924494889586,0.1332028127490677,4.881005394301109,3.4415889526561445,1.6263134114711755,0.37482651959621377,0.10325799437912225
EE00,1,NA,NA,0.131276,0,1,1,0,1,0,0,8.6,37.4,64.87,-2,-2.52,5,32.56,50.91,13.32,3.2,44.76,37.05,14.82,3.35,1
EL30,0,4.491726878922883,6.689805989885144,-0.3794029809879501,0,1,0,0,0,0,1,28.7,35.2,20.265047010531074,-4.207887967637756,0.9052263190884584,0.35360403089392906,8.002059219129615,11.686613221044354,15.374703263268033,0.28995530533302183,11.028909723581648,13.967359220310197,10.307557500558032,0.04596852401621078,0.35360403089392906
EL43,1,1.0224389163580299,0.4210042596768358,-0.037724098717036005,0,1,1,1,0,1,0,24.9,21.6,3.487358713300235,0.005773772704139462,-0.24942698081882478,1.1951709497568686,1.4434431760348654,2.586072794184065,1.6235848844040168,0.12009447224610081,2.0208204464488118,2.5260255580610145,1.2269266996296357,0,0.05773772704139462
ES11,2,0.6842853912945059,0.7563154324834013,-0.0238361236061963,0,1,1,1,0,0,1,22,32.1,3.914213280262238,-0.0885969506623413,-0.020672621821212968,0.4607041434441747,2.0513147310020754,2.0513147310020754,1.6266400141605861,0.17660325498693366,2.7707219703802863,1.8227345982932348,1.2757960895377147,0.03602942660268546,0.059064633774894196
ES12,0,0.38753502888519037,0.6781863005490831,0.01357509435105401,0,1,0,1,0,0,1,24.1,37.7,1.5543497147920267,-0.05919597566221283,-0.03916041466884849,0.12749902450322761,0.7449585860260014,1.0347911899413742,0.3724792930130007,0.1240838720611769,1.2196647754710543,0.853788110512685,0.20308773188728402,0,0.022767682947004934
ES22,1,0.057014612446081074,0.057014612446081074,0.005781760624777169,1,1,1,1,0,0,1,17.9,40.3,0.9564771383954563,-0.06978588563400324,-0.019430579921624433,0.08073269122365082,0.1139836132022053,0.9692027998934215,0.2279672264044106,0.056923389066167354,0.28502745054044853,0.7410987384191403,0.28502745054044853,0.056923389066167354,0.01368350698705946
ES24,2,0.5240761418916553,0.8062709875256234,0.007499469926416509,1,1,1,1,0,0,1,21.4,34.8,1.953207592700573,-0.11449048022863852,-0.00915923841829108,0.1774602443543897,0.6757800595495388,1.5899865441752172,0.5166382920317313,0.07928465755833217,2.0739950493417867,0.6219695338420788,0.16572497013095425,0,0.02862262005715963
ES30,0,1.8849718450639223,4.995175389419393,0.057472170457776035,1,1,1,1,0,0,1,19.8,46,9.862511988306553,-1.2753248260741232,1.208130292227207,0.06856585086420017,6.365653594232343,5.876093419061955,1.4193131128889434,0.047996095604940114,9.747321358854695,3.056665631526043,0.7638235786271899,0.14261696979753635,0.13713170172840033
ES41,2,1.2929314379943506,1.810104013192091,0.021494748550202926,1,1,1,1,0,0,1,21.7,33.7,3.694797241042076,-0.28438026978685743,-0.04131562410110948,0.4077905755434182,2.342649543187584,2.1156818939048656,0.5285180485661407,0.3777428489244295,3.249447007224922,1.2088844298675279,0.9067974640373377,0,0.05365665467676555
ES43,1,0.1024902698340914,0.512451349170457,0.007020722870402235,0,1,1,1,1,0,0,33.9,24.5,1.526807798745443,-0.05186007653605025,-0.09688405207416662,0.24515672544314665,0.32129674690289317,1.392914510234186,0.535573154045028,0.10702033976075824,1.3323325117352547,0.8198606645108308,0.20484730231739848,0,0.023572762061841022
ES51,2,0.9251199117342763,3.972573738623657,-0.00805208045528013,1,1,1,1,0,0,1,23.1,34.8,10.445381992582204,-1.610416091056026,1.175125405057714,0.3029495616838068,5.089552636287955,7.634328954431933,3.0119564316879535,0.20728127904681523,9.192127490037613,5.036935080837609,1.6088216196787426,0.10364063952340762,0.1594471377283194
ES52,0,1.733744744159603,3.4252030311445822,-0.016056742885022485,1,1,0,1,0,0,1,28,30.8,7.097020680531573,-0.7352769173523703,0.24722354322572448,0.3729665522801878,2.863317502791042,5.5593328664163995,2.1056625923018606,0.1257430090544633,5.1554633712329965,3.4803107421345523,1.8040924943153085,0.21418936288090784,0.10656187208005366
ES53,0,0.33090050945188776,1.613139983577953,0.0026898389517554305,1,1,0,1,0,0,1,22.3,26.8,1.5315399179471174,0.06237474603168085,-0.08012755836377462,0.026389315628788053,1.533699043771291,0.6683693940163955,0.11779230885213575,0.0784482382783063,1.4792410924282464,0.8396600427341653,0.079887655494422,0,0.023990286935261864
ES61,2,2.184625271149031,4.4200557811619925,0.0032383386264966743,0,1,1,1,0,1,0,36.2,27.3,11.50868213627139,-0.4328606351206917,0.890971473956757,1.4067970641422478,5.885101051661738,8.368638945666705,2.860487363755904,0.9162216776721307,8.211726965435455,6.548820692180131,2.820808472203174,0.45270008089705666,0.18035859796695486
ES62,0,0.5761869411219767,0.7333288341552431,0.015409459744356528,0,1,0,1,0,1,0,29,28.2,2.0595016500939893,-0.13199919014794376,-0.04588543276571378,0.42114027332915394,0.9164515201700095,1.4840480378061676,0.6109676801133397,0.13074205500367764,1.0475078589597537,1.3093062527531754,0.7420240189030838,0.043371162477181514,0.031428378606653276
ES70,2,0.6174749399388881,1.1226817089797967,-0.00943428172574683,1,1,1,1,0,1,0,33.7,27.3,2.9700095538376927,0.15914013224788617,-0.06638416945197538,0.15004641040514982,1.030318684782029,1.939690869055664,0.9093721842736353,0.6665698110725747,2.2734304606840885,1.441354912073712,0.498790643074089,0.3323755333520137,0.04546860921368177
FI19,2,12.71079378246792,11.79093370610511,0.39536673523931115,1,0,1,0,0,0,1,8.5,38.5,20.238096592170262,0.5546756260467745,0.20926398619037395,1.3362640082035928,5.907295417398147,13.677796687744323,5.46103366371506,0.161360182122698,10.289232863167665,9.817758581027906,4.15754594250514,0.9429485642795165,0.2521252845667156
FI1B,1,12.181260470441913,12.797166898722683,0.4647808862841136,1,0,1,0,0,0,1,6.7,49.3,23.613681375165786,2.18133526682773,1.2273646434684027,0.26176023201932763,8.87076341843277,12.805892239789994,7.070434711544282,0.331562960557815,14.75164329780033,8.873671865455206,4.255057993825292,1.1982801732440331,0.29084470224369735
FI1C,2,9.666991421791408,9.375816981376005,0.34060532454198744,1,0,1,0,0,0,1,8.4,36.2,17.04691243691837,0.3836514426913361,0.899449493420799,0.9591286067283403,6.909988762251732,8.303922337363586,5.923151995773462,0.17264314921110127,9.484716222091365,9.239605578149678,2.2166527799943867,0.3687316643644508,0.21313969038407563
FI1D,2,11.293430413769519,9.28227157296125,0.3675503770471835,1,0,1,0,0,0,1,9.9,35.2,19.188377545049136,0.16704221218174847,-0.2560177578540676,1.9806433730121606,7.125543508210013,11.060580763748632,5.3429644724990695,0.3293117897297327,8.206545252757614,10.769450051089013,4.161737400642419,0.7206678296984006,0.2386317316882121
FR10,0,4.127906386624781,6.191859579937171,0.10064530794829336,1,0,1,1,0,0,1,9,41.9,12.993881322511251,-0.8025417998182134,3.1408567711067343,0.05471875907851454,7.2775949574424335,6.788774043007704,3.948870446832799,0.22069899495000864,12.251530157679406,3.926982943201394,1.9625794922827215,0.09302189043347472,0.18239586359504847
FR24,0,0.898985796523019,1.1725901693778509,0.03704806457417116,1,0,1,1,0,0,1,10.5,27.1,2.7047746573649096,0.027360437285483187,0.03752288542009123,0.1563453559170468,1.3476969680049433,1.6619511333982075,0.8532547799172828,0.04455842643635833,2.251373125205474,1.2742146507239314,0.33966028572978413,0.04221324609760264,0.0390863389792617
FR26,0,0.45884983391492634,0.7210497390091701,0.010831301094507268,1,0,0,1,0,0,1,10.6,26.8,1.7052695227614323,0.00498179819679063,0.00672542756566735,0.19429012967483456,0.5898449065000105,1.3109601954854542,0.5243342602122137,0.06551064628779678,1.391914416183302,0.7325734248380621,0.36616216746411123,0,0.024908990983953147
FR30,1,0.999911860279487,1.4998677904192306,0.017649018828747216,1,0,1,1,0,1,0,14.7,27.7,4.074695371285834,-0.18543819954274124,0.2491053147190824,0.061812733180913744,1.8543819954274123,2.3179774942842655,1.8543819954274123,0.15453183295228437,3.338505719101151,1.8494369767729393,0.7664778914433305,0.22499834877852604,0.061812733180913744
FR41,2,0.6064736814228664,0.779751876115114,0.018100321385673943,1,0,1,1,0,1,0,12.1,27.6,2.4076831874293103,-0.09946168375335009,0.03268026751895789,0.10656608973573223,0.8880507477977686,1.4208811964764299,1.0656608973573223,0.17761014955955373,1.6180284624875343,0.9470173174515405,0.8681584110470987,0.11828835960666279,0.035522029911910745
FR51,0,0.5130416596472503,1.3059242245566374,0.041344814707049114,1,0,0,1,0,0,1,8.8,28.1,3.898183810301563,0.22946954231495198,0.15894963418889357,0.27424408715689386,1.7031117494253634,2.0926502895502574,1.508342479362916,0.2915942232831463,2.773783052958298,1.9465733370034222,0.6811327634080404,0.1942095882519228,0.05596818105242732
FR52,2,0.916578193325156,1.495469683846307,0.056947729660112544,1,0,1,1,0,0,1,8,33.4,3.518420469759733,0.22359683821379464,0.11577347400847589,0.27328502448352676,1.2094104538052803,1.9875274507892857,1.64169767435195,0.12918928430130358,2.484409313486607,1.5527558209291294,0.8869341249147188,0.044222485780061604,0.04968818626973214
FR53,0,0.25359783610482695,0.6339945902620674,0.024340450912226887,1,0,0,1,0,1,0,9.9,23.1,1.8720655660717354,0.10086853931069492,-0.0029987944119395787,0.14721354385885205,0.7311606011656319,1.0637541632171126,0.830938669781076,0.09950545094163148,1.4677735558075176,0.8985478528866229,0.2696188794007494,0.08969121468437467,0.027261767381268898
FR61,2,0.9053739013106544,1.4033295470315146,0.047586379822975894,1,0,1,1,0,0,1,8.9,29,3.5171241018995256,0.3802570385504749,0.1318224400308313,0.2281542231302849,1.7071005983992653,1.7071005983992653,1.3450958976992131,0.3102897434571875,3.0314091113243857,1.3065631844594316,0.7316145421711137,0,0.05070093847339665
FR62,2,0.8415592069574752,1.107314745996678,0.04021708071145087,1,0,1,1,0,0,1,8.6,39.9,3.1877908418830443,0.28914202647465254,0.11520502617349436,0.20330298736499006,1.5767276131195895,1.6621148678128854,1.1931626436243083,0.08493547027692917,2.871089966010026,1.0129006614940173,0.632949967329669,0,0.04517844163666446
FR63,0,0.2798364316401058,0.1399182158200529,0.007902054737025105,1,0,0,1,0,1,0,6.9,27.8,0.7785049528227743,0.0033580371796812693,-8.954765812483386e-4,0.0671607435936254,0.1525668225301857,0.40699410617736986,0.40699410617736986,0.1525668225301857,0.2632701148870115,0.7242166850845938,0.06581752872175288,0.06581752872175288,0.011193457265604232
FR71,2,1.5162394974691045,2.9158451874405857,0.07723340508148566,1,0,1,1,0,0,1,8.4,34.4,6.818878921541056,0.3331061542132125,0.6632731364774849,0.27432271523441026,3.358493813655566,4.0864287330097335,2.182825034079522,0.1675328010895863,5.255239444704918,3.3163656823874246,1.0198926662822183,0.20378258845984765,0.09797239829800368
FR81,2,0.4392357748758364,0.8784715497516729,0.021573273720019777,1,0,1,1,0,1,0,12.9,29,2.861664996893562,0.40475576654808326,0.09472119485197414,0.1877732937594201,1.3327731117057506,1.7383634262260979,1.0431849653301117,0.05758381008622216,2.1155791096894667,1.3515504410816928,0.5875217724739189,0.11725399010310456,0.041727398613204465
FR82,2,1.2515264356480913,1.540340228489959,0.014219502561558062,1,0,1,1,0,0,1,10.8,33.3,5.117799663410744,0.0755729424602886,0.4277428543252335,0.18893235615072151,2.3321810043245064,2.798466059304487,2.3790362286498854,0.04609949490077605,3.5746001783716506,2.624648291645823,1.1759149846820907,0.18061933248008977,0.0755729424602886
HR03,1,NA,NA,-0.4236518726789926,0,1,1,0,1,0,0,15,21.2,18.73414455889116,0.2317353099703801,NA,2.0525127454519385,15.370672059892499,13.010282402622769,4.061988933337949,0.6587903812015092,14.370899722591716,12.272039915145703,6.18733277620915,0.2681508586800113,0.33105044281482876
HR04,2,NA,NA,-0.7583145285295383,0,1,1,0,1,0,0,18.3,19.2,35.54797946882,-1.3378991143703425,NA,8.897029110562778,32.28350562975636,25.326430235030582,8.756549703553892,0.5150911590325818,35.58811644225111,22.81786939558619,7.559129996192436,0.9164608933436846,0.6689495571851712
HU10,1,11.000173864183415,10.183567070772419,-0.22941847325475975,1,1,1,1,0,0,1,8.7,33.2,17.839255759000505,1.8914054406210565,0.7025220208021067,0.33024539439415274,10.09049791417043,11.4595151854771,7.604650763639898,0.8616402562829257,16.260082327624826,9.189828656731832,4.239149971677669,0.32724316353602406,0.3002230858128661
HU22,1,3.0917540123677085,4.752994974236924,-0.03732110720116144,0,1,1,1,1,0,0,7.7,17.8,5.764173889493807,0.3887303850773966,-0.3807564284604244,0.49837228856076493,4.130509527591619,4.48933757535537,1.301748417720718,0.044853505970468846,7.022065545821178,2.0383426602135284,0.8153370640854114,0.08970701194093769,0.09967445771215298
HU23,2,1.8194622536987504,3.4952827505265467,-0.0347801796896237,0,1,1,1,1,0,0,9.3,18.3,5.157160420820736,-0.2786650083296507,-0.36876669435623777,0.8081285241559869,2.633384328715199,4.481862217301882,2.125285130194136,0.045515284693842945,4.689932090188021,2.8683918190732043,1.593034964284503,0.13654585408152883,0.09288833610988356
HU31,1,3.954112945523355,6.537466736598613,-0.06890836847884026,0,1,1,1,1,0,0,12.6,16.7,6.281619812571471,-0.7029885602081123,-0.5278371731732097,0.63149819815305,4.755300582695891,5.609610409253885,1.4417223014437555,0.10604403704834235,7.386145906322183,2.748804421017144,1.7789185091367992,0,0.11915060342510377
HU32,2,3.8571985882199686,6.662433925107219,-0.08691170102046447,0,1,1,1,1,0,0,14.2,17.8,8.112139472420022,-0.3306170218474259,-0.7018097691033995,1.12710348357077,5.366515386441627,6.927929412348334,2.4390519384471467,0.2915441010836392,8.477321001096952,4.430268092755507,1.8785058059512836,0.24044874316176432,0.1502804644761027
HU33,1,5.0349904212858565,5.9046705849625045,-0.07491488553880514,0,1,1,1,1,0,0,11,18.2,7.064924623115578,-0.23316582914572867,-0.5064879955332218,1.2435510887772194,4.981976549413735,6.023450586264657,1.8562590731434954,0.08938023450586265,8.067537688442211,3.585572305974316,1.0751535455053045,0.22409826912339476,0.12953657174762703
IE01,2,NA,NA,0.24263696388970496,1,0,1,0,0,0,1,14.2,35.9,19.018393905462187,-2.703529605139593,-0.6317158285276673,2.4893886463166552,13.908455275549828,9.845130581884577,2.3876716908757594,0.6210087805865203,11.729571019526432,11.250430624160108,3.4476694370493033,0.33459524816084074,0.2676761985286726
IE02,2,NA,NA,0.5552940426750532,1,0,1,0,0,0,1,12.6,43.4,53.92100150233384,-2.709598065443912,3.515154247062372,3.368689486768106,41.735133445850956,21.501026811198173,9.073491900229747,0.908081513824446,38.9449797622452,23.405068695023626,9.871724843833494,0.9959603700010055,0.7323238014713275
ITC1,2,1.1290509928698138,2.4550294844959906,-0.047609176345138386,1,0,1,0,0,0,1,10.5,15.9,4.165793805892166,1.2774030419329405,0.15328836503195287,0.19708504075536798,3.4409588226696464,2.762840293552103,0.9642568105105226,0.12993013797946482,3.6694314810267956,2.230710683512609,1.0949168930853777,0.30292700708695447,0.07299445953902517
ITC2,1,0.03272310261231686,0.07115372312213085,0.0013816388565898422,1,0,1,0,0,0,1,8.3,16.1,0.12619474271843412,0.01607845841844257,-0.009922101313486273,0.008250787872621845,0.09972875392702406,0.08007495409711202,0.027946899435213998,0.0037657442085299708,0.1063505400914616,0.06465232753521118,0.031733799510084024,0.008779684531123247,0.0021155866340056015
ITC3,1,0.40510753668257576,0.8808733646469962,-0.02221335765419182,1,0,1,0,0,0,1,9.8,20,1.5418449372771856,0.6233380245829289,0.04269079748194008,0.057619481263968216,1.2346283394470279,0.9913169844732713,0.3459787943168273,0.046619398477210645,1.3166051468816737,0.800386976103122,0.392860099527056,0.1086912942024855,0.026190673301803732
ITC4,2,2.5379730574019423,5.518615834118178,-0.08886074035644505,1,0,1,0,0,0,1,8,17.2,9.483992157106364,3.019125530981957,1.550583492814103,0.26253265486799626,7.73486834404834,6.210538116721037,2.1675352317538943,0.29206757854064586,8.248447850133859,5.014373707978728,2.461243639387465,0.6809440735638653,0.16408290929249766
ITF1,2,0.27171290404849024,0.5267050140016888,-0.024071516441989682,1,0,0,0,0,1,0,11.3,17.5,1.3398058793667957,0.4147801985263299,-0.02765201323508866,0.0899787732252885,0.7762315143849888,0.867307589722781,0.4856659149940572,0.06496028506020829,0.8449226266277091,0.8190262967726261,0.4913718859790755,0.03862503436012384,0.021946042250070366
ITF2,2,0.06410701218471092,0.1242689774657473,-0.008599931028035822,1,0,0,0,0,1,0,15.6,16.7,0.30145582783565866,0.044011929519118836,-0.021902407278337966,0.03831626805193876,0.18314140554014507,0.20462958289359726,0.11458635297154116,0.015326507220775502,0.199348151351303,0.19323825995923707,0.1159326002274201,0.009113058347488136,0.005177874061072805
ITF3,0,1.1956657964217225,2.3177521592174926,-0.21652633817423086,0,1,0,0,1,0,0,21.5,14.3,4.801609889845572,1.6513984134424637,0.20473477406421187,0.40560662786306123,3.4157872446467796,3.8165652221781383,2.1371606368117964,0.28585609963682407,3.7180607554113947,3.604104607583201,2.162269618536653,0.16996849167594946,0.0965730066340622
ITF4,2,0.8331550791983757,1.615039076599928,-0.10794853894699061,0,1,1,0,1,0,0,19.7,13.2,3.479736277124262,0.6863916075549694,-0.02557145204616553,0.6190983126966391,2.380163839139144,2.6594310128012153,1.4892006152148505,0.1991881527806578,2.5907918520457183,2.5113857641128883,1.5066968718780163,0.1184361989506614,0.06729329485833034
ITF5,0,0.11781370683780168,0.2283773394086617,-0.013537257107897929,0,1,0,0,1,0,0,15.2,15.1,0.5260291384379507,0.06661005732752633,-0.049386599647123094,0.07422263530781505,0.33657110395351514,0.37606135222626297,0.2105829383797368,0.028166538527068276,0.3663553153013948,0.35512676278046895,0.21305702622333064,0.01674767155663519,0.009515722475360904
ITF6,0,0.40341902665254453,0.7820122670495477,-0.054984911688476724,0,1,0,0,1,0,0,22.3,14,1.7057642575018261,0.40403967130893303,-0.08113377270639059,0.35842228906437607,1.152490578564271,1.287713533074922,0.7210804779086039,0.09644817960277756,1.2544780117253163,1.2160290752620468,0.7295522774683073,0.05734756625030017,0.032583844460397825
ITG1,2,1.0184005700164027,2.937693951970392,-0.1331331250276806,0,1,1,0,1,0,0,21,13.4,4.198654036213087,1.659679575105193,0.07879286871711522,0.6370487257979528,3.6295012930330732,3.330256036309561,1.0477775095361066,0.37384701540248283,3.8683945652073057,3.0335254456089356,0.8717508879340408,0.6060345115156841,0.08382220076288853
ITG2,1,0.33258015830753584,0.959365841271738,-0.0357867276650311,1,0,1,0,0,1,0,17.5,14,1.6249150208411385,0.44345726646944816,-0.058580157422507356,0.16698082255948357,1.1852901011189572,1.0875652590636529,0.3421738167202532,0.12208761780578635,1.2633057313311749,0.9906616341684771,0.2846886155112507,0.19791333559099447,0.02737390533762026
ITH1,1,0.16113104930148803,0.27946166363226826,0.008523730013595325,1,0,1,0,0,0,1,4.4,14.8,0.543690400691197,0.08060328974042404,-0.030289867828769874,0.0551496192960796,0.3892714666621742,0.29797763533512545,0.1476312885771977,0.013405599767354734,0.37315080871408934,0.28109336727371037,0.1716425843630293,0.022314384422875283,0.008484556814781477
ITH2,0,0.1675433098273113,0.290582927981743,0.009198663429252563,1,0,0,0,0,0,1,6.5,16.6,0.597351325052069,0.09351534552580021,-0.02399639055001666,0.03617102987318687,0.40476264648336924,0.3098357485722739,0.15350632190084185,0.01393907980478909,0.3880004619079899,0.2922795657801662,0.1784731547157489,0.023202392333288167,0.00882220240809436
ITH3,2,1.5393480767585492,2.6698068206281085,-0.015044048754161298,1,0,1,0,0,0,1,7.6,14.9,4.857703889207364,0.8186686013848552,0.20183017994537522,0.25938015093381556,3.7188629140135805,2.846697156498625,1.4103795707026219,0.12806894952357142,3.5648559493966268,2.685395125136659,1.639768891684715,0.21317806154872962,0.08105629716681735
ITH4,2,0.384105434722395,0.6661828633466538,0.007553960438492105,1,0,1,0,0,0,1,7.7,17.3,1.257018044189834,0.2022555179710111,-0.034181182537100875,0.0566315450318831,0.927948316450999,0.7103213791141909,0.35192460126955927,0.03195637183941975,0.8895197680365067,0.6700725310379598,0.40916291285535544,0.053193201226375914,0.02022555179710111
ITH5,2,1.3892306309036953,2.4094468754735963,-0.015888543898731133,1,0,1,0,0,0,1,8.4,17.8,4.44615883133001,1.3020998222717042,0.23408536130727264,0.24871569638897717,3.356198867743022,2.569086840347317,1.272839152108295,0.11557964714546587,3.2172106844668282,2.423515006284357,1.4798583935144143,0.1923889063244147,0.0731516754085227
ITI1,2,1.4227402434798384,1.840283575805443,-0.03289296882920638,1,0,1,0,0,0,1,8.7,17,3.7700915349750685,1.166198527185414,0.11538578020300129,0.2036219650641199,2.1330943431110985,2.1003914214492854,1.8868968762608445,0.04874586436383477,2.479868719977872,2.1892446425681737,1.3469901507120416,0.15302499192697497,0.061703625777006034
ITI2,0,0.3401752271673373,0.44000926122731665,-0.007299171278562501,1,0,0,0,0,0,1,10.3,20.2,0.9291597920644088,0.21982345032962358,-0.03467014149494063,0.051636380949911576,0.5100199112681266,0.50220068786714,0.4511544369852274,0.011655068842980043,0.5929331858219846,0.5234453703151036,0.3220634846104485,0.03658806421593735,0.014753251699974736
ITI3,1,0.5891762312596308,0.7620866469553921,-0.013671256157100574,1,0,0,0,0,0,1,10.9,18.3,1.5497480252100813,0.20186330419059592,-0.03909504498881161,0.05621509736953304,0.8833435982112533,0.869800870208593,0.7813898534365092,0.02018633041905959,1.026947619673424,0.9065962066686509,0.5578070798076846,0.06336974612565542,0.02555231698615138
ITI4,0,2.2269303796406574,2.880486034535198,-0.14599184312870242,1,1,1,0,0,0,1,12,21,5.807415670368402,5.331271328859734,0.6074945046834733,0.1835039044353894,3.3388052507007426,3.2876173194635023,2.9534470513864246,0.07629899184418822,3.8815904838201574,3.4266939628250603,2.1083632809602895,0.23952088578935035,0.09658100233441547
LT00,2,NA,NA,-0.61191,0,1,1,0,1,0,0,11.8,35.2,59.02,-5.7,-2.62,8.7,42.82,47.95,7.67,1.54,51.41,31.16,15.63,1.78,1
LU00,1,57.35439289239882,45.01480750246792,1.320166,1,0,1,0,0,0,1,5.8,40.7,73.4,19,2.02,1.6,45.63,34.92,19.24,0.19,76.61,17.24,4.75,1.38,1
LV00,1,NA,NA,-0.66852,0,1,1,0,1,0,0,11.9,31,54.6,-7.1,-3.08,8.4,27.72,51.51,19.06,1.69,63.55,21.16,12.88,2.39,1
MT00,1,53.405725567620934,49.45705824284304,0.195095,0,1,1,0,0,1,0,6.4,18.9,60.08,7.6,-2.98,1.5,40.27,49.25,8.37,2.09,60.73,26.04,10.73,2.48,1
NL11,1,1.6754430997668566,1.1169620665112376,0.04812227776467562,1,0,1,0,0,0,1,8.2,33.1,2.789110128181886,0.06578906571751189,0.06128770858947161,0.08656456015462091,1.0650903481424558,1.3850329624739346,0.9054652992173348,0.10630127986987448,1.2022086114273753,1.0578189250894676,1.1540787159814059,0.04778363720535074,0.034625824061848366
NL12,2,2.067923642845792,1.6036958862885735,0.05484567469374375,1,0,1,0,0,0,1,8.3,27.2,3.049685163169995,-0.049925585091562696,0.02995535105493762,0.14593632565226017,1.2097353310647883,1.578032531855624,0.9992797877557394,0.05222984286501944,1.4962313808979097,1.5457729230272297,0.7481156904489549,0.0495415421293199,0.038404296224278996
NL23,0,0.9000654823392789,0.7560550051649942,0.030343371167076638,1,0,1,0,0,0,1,9.9,29.3,1.8916712244943918,-0.05940432183439241,0.002613790160713266,0.05702814896101671,0.8031464312009853,0.7696423936863881,0.7696423936863881,0.03326642022725975,0.9899136190483151,0.6334876880419607,0.6731697750273348,0.07912655668341069,0.023761728733756964
NL31,0,5.209333004464456,3.8028130932590534,0.10621255458765964,1,0,0,0,0,0,1,6.4,44.7,6.061532999997802,0.1862336549096043,0.7300359272456489,0.07449346196384173,3.22407703379507,2.6124857110719293,1.5561684204246538,0.05512516185324288,3.212903014500494,3.066895829051364,1.0704710484204056,0.09684150055299424,0.07449346196384173
NL32,0,9.136877049068659,6.656276945249115,0.19483258574684884,1,0,0,0,0,0,1,7.2,39.2,13.186167315208623,0.5864138645429406,1.5067578463950557,0.2117605621960619,5.482969633476494,6.538514589653788,4.22380875211068,0.03909425763619604,7.167280566635941,6.680231273584998,2.40103898982304,0.03746533023468787,0.16289274015081684
NL33,2,9.98859532194433,7.433373262842293,0.2907240274813749,1,0,1,0,0,0,1,7.9,34.8,17.063354783437376,0.17003841338751746,2.108476326005216,0.467605636815673,5.796184416347001,8.663457162094014,6.731395689978347,0.06163892485297507,7.3775416608509135,8.890883539999818,4.792957777360648,0.18916773489361316,0.2125480167343968
PL11,0,0.7702572008203198,2.0540192021875194,-0.037026900389385456,0,1,0,0,1,0,0,11.1,23.5,3.596012497653734,-0.0723014759170007,-0.23399386751320222,0.9070548796860087,2.7724329583446266,3.286430723500031,0.4108038404375039,0.10253663857320099,3.286430723500031,1.1804859158812113,1.1804859158812113,0.9241443194482089,0.06572861447000063
PL12,2,4.018509878539894,7.175910497392668,-0.08542228254191925,0,1,1,0,0,0,1,8,35.4,8.05345259211882,0.40371672458331154,-0.13642841037642942,1.5452605665085373,7.779203644729466,5.185671720940812,0.9090586936306981,0.044548052367813694,7.727694959179181,4.609331293432223,1.0705453834640228,0.5109104755933632,0.13921266364941778
PL21,2,1.8535253868603216,3.5980198686112126,-0.028801603893707207,0,1,1,0,1,0,0,10.9,26.6,4.978787250917042,0.04361236204377227,-0.28173585880276886,1.1600888303643424,4.5243464384209355,3.2709271532829205,0.7082647595908617,0.21806181021886137,4.912496460610509,2.7563012811664076,0.6009783489631819,0.45095182353260527,0.08722472408754454
PL22,2,3.693920534271276,5.289022583161144,-0.08641305839655976,0,1,1,0,1,0,0,9.7,24.4,6.435040440733954,-0.29908163416685046,-0.3529163283168836,1.3757755171675121,6.213720031450485,4.945613902583039,0.7608636773204676,0.04187142878335906,7.582317589397993,3.41192328257543,0.5885926560403617,0.378039185586899,0.11963265366674018
PL31,2,0.9876900563075764,2.079347486963319,-0.025736229400469084,0,1,1,0,1,0,0,10.3,25.5,3.247275383440876,-0.15158443179962597,-0.2582549578808442,1.5158443179962595,2.7026942766051825,2.547179878055196,0.1555143985499866,0.20772681394763556,3.0990594945701306,1.16944582014304,0.8769440091519101,0.46766604329292005,0.05614238214800961
PL33,0,0.6694852890310279,0.6179864206440258,-0.016752870279954767,0,1,0,0,1,0,0,13,26,1.842093922655712,-0.06921447911213088,-0.16710352814214458,0.7283999944657584,1.3902222518808003,1.5448012552312258,0.2574119437455915,0.10283294039516588,1.493384785033643,1.1328103081352088,0.566240357688766,0.10283294039516588,0.03295927576768137
PL34,1,0.6812278478360858,1.1495719932233948,-0.004821458215844681,0,1,1,0,1,0,0,9.9,26.1,1.8528035005445862,-0.07357260756629727,-0.16063352651974905,0.7449226516087598,1.0217395875769533,0.8939071819305118,0.5533273194048607,0.595938121287008,1.1069611913412476,1.1495719932233948,0.42549491375841925,0.38319066440779825,0.030655253152623862
PL41,0,2.333032857415601,3.8261738861615857,-0.03951723716350549,0,1,1,0,1,0,0,8.8,23.4,5.242110191589973,-0.018104334973545064,-0.3159206452883614,1.2310947782010644,4.6482880044576955,2.592540768211653,0.5865804531428601,1.222947827462969,5.39147095512172,2.670389408597897,0.39557971917195967,0.5929169703836008,0.09052167486772532
PL42,1,0.684455705801465,0.7414936812849203,-0.013881206609862482,0,1,1,0,1,0,0,10.1,23.9,2.6110958492767185,-0.0400406587893857,-0.17617889867329709,0.3781617774553094,2.09323666226733,1.8316376915100103,0.3923984561359799,0.13079948537865996,2.5950795857609643,0.679356510793244,0.9267188028698934,0.24691739586787848,0.04448962087709522
PL43,1,0.19896519151421901,0.6632173050473967,-0.005162483502488936,0,1,1,0,1,0,0,9.7,20.6,1.4996669701731735,-0.045098776743222976,-0.14723424172052207,0.24141109903725239,0.7958607660568761,1.5253998016090125,0.19896519151421901,0.13264346100947932,0.9285042270663554,0.6632173050473967,0.8621824965616157,0.19896519151421901,0.026528692201895868
PL51,2,0.8521909436619771,2.9217975211267793,-0.05494700765424542,0,1,1,0,1,0,0,11.3,25.1,4.257813785974675,-0.022643930788732537,-0.2045501747915506,0.6264820851549336,4.199694363616929,2.251561518092972,0.8521665953493012,0.24304485713239593,4.631438643988762,2.000968684030999,0.5713818535690177,0.3426781526028191,0.07547976929577513
PL62,1,0.39770337883425205,0.9942584470856302,-0.009926604749094741,0,1,1,0,1,0,0,11.4,20.7,2.148091397894716,-0.11215235283125909,-0.20112655274405797,0.48599352893545605,1.3794739398244866,1.7353707394756823,0.48935809952039383,0.1334612998691983,2.2972540271602906,1.207133157640452,0.11663844694450945,0.11663844694450945,0.037384117610419695
PT11,2,9.82244022474437,14.909061055415561,-0.042431086908299664,0,1,1,1,1,0,0,17.1,16.5,21.02507362163996,-1.5027895042063137,-0.6395592541157104,3.4599107189866296,16.841727025047035,12.294915059994912,4.546811965052126,1.261644211670882,17.2785844390605,13.021845796913313,4.469925060185757,0.1712481062932776,0.34948593121077065
PT16,2,3.03292560383729,7.358573596195392,0.010789220158888672,0,1,1,1,1,0,0,11.4,17,13.355811077094637,-0.5906746913702788,-0.6147392158335124,3.2377723823259728,10.039282069252629,8.243193470678557,3.379971845063262,0.2100176680427658,7.2412341793911965,11.010613783950419,3.423725525905505,0.1947038797479808,0.21876840421121438
PT17,0,7.3850750064662,13.590589421621823,-0.017048753363885824,1,1,1,1,0,0,1,18.5,27,17.22914920649169,-1.1308396103651368,2.2266770423142095,0.4307960420438616,10.069857482775264,12.450005615067601,3.793697645248756,0.6058069341241804,16.892589798644924,7.1969863773952625,2.735554866978521,0.09423663419709472,0.2692475262774135
PT18,2,1.7515645022344983,2.4440434914899973,0.07160331528992976,0,1,1,1,1,0,0,16.9,15.6,4.148763826804271,-0.04989922128458745,-0.38493684990967464,1.0763974877103863,2.2775430286322416,2.6147191953123823,1.855538185768302,0.37923408176286466,2.2034070427237116,3.167887705552952,1.5490143978772648,0.20601249930351107,0.07128460183512493
RO11,2,4.082502497188567,6.886148790438546,-0.21163976261261477,0,1,1,0,1,0,0,4.1,14.2,6.319949962177859,0.10388247318147292,-0.6544595810432794,3.700813107089973,7.236712788004357,4.105954752497717,1.180364601524486,0.4609784747427861,7.57822641858845,3.6878277979422887,1.1608866378029599,0.5557712315208801,0.12985309147684115
RO12,0,2.040831282787755,7.28868315281341,-0.12559460846827925,0,1,0,0,1,0,0,9.5,14.3,5.840071953558051,-0.0472306668302309,-0.6753985356723018,1.7357270060109855,6.083309887733741,4.686462916229661,0.8111867028092157,0.22434566744359677,8.55819682963784,1.7380885393524972,1.0520631036433934,0.45695670158248397,0.11807666707557725
RO22,2,3.63041116922509,7.107424683412501,-0.24289668852207696,0,1,1,0,1,0,0,9.5,12.4,5.394964848144193,-0.20125772340943598,-0.8930811476293721,3.836475352492373,7.046536040872877,3.701884249962313,1.6050303441902518,0.22264135652168854,6.3132032111997445,4.047795962072281,1.6377347242442852,0.5773580940308194,0.12578607713089748
RO31,2,3.502802435227401,7.113383406923338,-0.22853041309427624,0,1,1,0,1,0,0,9.5,11.4,6.467973196988807,-0.3402568396311664,-1.1398604127644072,5.0883863744842595,8.065633721256965,5.284807368271343,1.1120212167945847,1.0006644329152936,8.610044664666832,4.531602455087806,1.7554159680971535,0.5660636513863949,0.15466219983234833
RO41,2,2.352381847743403,4.935389366834198,-0.16910763420693645,0,1,1,0,1,0,0,7,14.3,4.721700844790559,-0.21406674814464968,-0.7176332890182541,5.076440027430263,5.548406238815848,3.225272338712722,0.9887845033348103,0.4291528617566548,6.105999149459293,1.8267029175010105,1.778792740535303,0.48012113512442856,0.10193654673554746
RO42,2,1.9629042500245542,4.673581547677509,-0.14499006263551012,0,1,1,0,1,0,0,5.2,14.2,4.563121447798151,0.04556742008985572,-0.4884827433632533,2.0505339040435073,4.893029569248707,3.411177067926599,0.7181425406161261,0.0893121433761172,4.937685640936765,3.186985361084509,0.8521107556803019,0.1339682150641758,0.09113484017971143
SE11,1,12.449566809874923,9.933165007878927,0.34446744549596553,1,0,1,0,0,0,1,6.9,45.7,17.919076495013307,2.2651148009966753,1.408408014877141,0.11213439608894434,8.739754831172322,7.203513604753783,6.393903264991606,0.08522214102759769,11.074392957744143,8.185810914492937,2.610488740950624,0.5517012287576061,0.22426879217788867
SE12,2,8.153594402328702,6.129253723129852,0.2556537414551413,1,0,1,0,0,0,1,8.8,35.1,13.342294460554342,1.3482108923464342,0.3145825415475013,0.4327590518642876,6.260026131006098,5.269673685393594,4.851894754555378,0.25965543111857253,8.42548584821932,5.322936337930737,2.5316404534060823,0.36118736251750155,0.16644578917857214
SE23,1,9.672390951380846,8.329003319244617,0.3007709002304232,1,0,1,0,0,0,1,8,36.5,15.833927885349134,1.3151764918613678,0.46628984711448496,0.3985383308670812,6.175351436785423,7.211551097039833,6.490196718170417,0.04383921639537893,9.2819577258943209,6.703414725184306,3.3756196624441777,0.5619390465225844,0.1992691654335406
SE31,1,3.372527037746164,2.645119245291109,0.11863119109279302,1,0,1,0,0,0,1,8.8,27.4,6.760395767115016,0.43842851490700124,-0.12379158067962388,0.2750924015102753,2.6443257095175214,3.4386550188784417,2.446603045932011,0.06533444535869039,3.764467581917174,2.634869408215606,2.0073148672702903,0.18740669852887507,0.08596637547196104
SE33,1,3.108863440621359,1.6804667246601936,0.07304840634932747,1,0,1,0,0,0,1,7.2,35.4,4.358114001400123,0.18527145639378637,-5.29347018267961e-4,0.24349962840326206,1.1248624138194172,2.7091980394954245,1.3752435534601628,0.08310748186806989,2.3820615822058246,1.940586168970345,0.8379563299181824,0.13233675456699026,0.052934701826796104
SI03,2,NA,NA,-0.010643893075734382,0,1,1,0,1,0,0,11.3,23.6,34.92726590121223,-1.0091515391165333,-1.5562178997954963,6.320475429203551,15.094782495627305,25.685562332460815,10.824478087997342,1.4977933370045389,20.44328565294493,21.54804102208303,10.61202513239386,0.5045757695582667,0.5311323890087017
SI04,2,NA,NA,-0.009396106924265617,0,1,1,0,0,0,1,8.7,32.9,32.7926007127314,1.2190557885773754,0.6095278942886877,2.3443380549564914,15.060027665040499,20.32541093647278,10.37604023123743,1.1159049141592898,26.744208530943652,14.066028329738948,5.6451660363352305,0.42198084989216844,0.46886761099129826
SK01,1,3.1289050884000917,4.665911096736978,-0.0737804163591644,1,1,1,1,0,0,1,6.4,37.5,7.1463753074484275,0.7878253654161073,0.7330201226045518,0.09134207135259215,3.940268602972443,5.051216545798345,2.373752079275488,0.05023813924392567,5.582142335535287,4.3752852177891635,1.1063808392582721,0.3516669747074797,0.11417758919074017
SK02,1,13.049958161238804,11.851492615818913,-0.1471617149275224,0,1,1,1,1,0,0,11.7,16.6,19.207833929012256,0.13564854469641424,-1.3090084563203972,1.5260461278346602,8.145695109019675,13.958235249261023,11.536908726430031,0.2611234485405974,15.616538708174687,12.19480416820764,4.781611200548602,1.315790883555218,0.3391213617410356
SK03,1,8.361883829341147,10.886226117444137,-0.11038409773614928,0,1,1,1,1,0,0,16.8,18.8,14.293341421789608,-0.19900231704545224,-1.1790887284943046,1.1940139022727134,8.171532643678884,11.370494890184528,4.975057926136306,0.3532291127556777,11.723724002940205,8.868040753337965,3.8208444872726828,0.45770532920454016,0.2487528963068153
SK04,1,9.797620537685455,10.501039448083384,-0.21075660533731025,0,1,1,1,1,0,0,18.5,17.5,16.366292031184194,-0.29794815276140896,-1.2096695002113202,1.0726133499410724,8.208471608576817,15.180458383193788,6.143690909940253,0.2562354113748117,13.196123685802803,11.947720925732499,3.798838947707964,0.8491522353700156,0.29794815276140896
UKC1,0,0.3307213541636589,0.24804101562274414,0.012964624754038992,1,0,0,0,0,1,0,10.9,27.4,1.3300579360230598,0.042311663248313106,-0.02483510668922726,0.027594562988030286,0.17163818178554838,0.8830260156169691,0.5640328674753391,0.22075650390424228,0.5625611574493108,0.6275003623478087,0.6275003623478087,0.021523759130663622,0.018396375325353525
UKC2,0,0.39976974684945793,0.2998273101370934,0.015671394334445123,1,0,0,0,0,0,1,9.2,31.5,1.6206465652403597,0.051145541987552515,-0.008450133024030415,0.03780322668645186,0.2074730029321152,1.0673852240880526,0.6817923118862436,0.26684630602201315,0.6800133365127634,0.7585106248675724,0.7585106248675724,0.026017514837146278,0.022237192168501094
UKD1,0,0.19054799981395426,0.13432072118032842,0.006607808543607337,1,0,0,0,0,1,0,5.1,34.4,0.5594014466407012,0.009296243400759473,-0.017430456376424014,0.017817799851455655,0.1364998406011516,0.323819145126455,0.2729996812023032,0.041213345743367,0.32226977122632844,0.22001109381797418,0.2045173548167084,0.02788873020227842,0.0077468695006328945
UKD3,0,1.0416992202217812,0.7343125650743704,0.03612396358907622,1,0,0,0,0,0,1,9.4,36.1,3.0526637030834958,0.055056365344180694,0.280363952752674,0.012705315079426313,0.7462255056649723,1.770273901066733,1.4924510113299445,0.2253075874084933,1.7618036910137822,1.2027698275190244,1.1180677269895156,0.15246378095311577,0.04235105026475438
UKD4,0,0.562144502050833,0.3962657965276363,0.01949400280779731,1,0,0,0,0,1,0,7.2,32.2,1.6688282462063033,0.02056895948487638,0.0018283519542112337,0.02285439942764042,0.40269451791502425,0.9553138960753695,0.8053890358300485,0.12158540495504705,0.9507430161898415,0.6490649437449879,0.6033561448897071,0.08227583793950552,0.02285439942764042
UKD6,0,0.3484109708224627,0.2456011761535393,0.012082168230236116,1,0,0,0,0,0,1,5.2,43.8,1.0344630153102925,0.05099365815578602,0.03994503222203238,0.02408033857356562,0.249585626862486,0.5920930308088487,0.499171253724972,0.07535729483021712,0.589260049800194,0.40228330322897854,0.37395349314243076,0.05099365815578602,0.014164905043273893
UKD7,0,0.5788080874634326,0.4080122583758623,0.02007186131150249,1,0,0,0,0,1,0,8.9,30.9,1.6844112392388295,0.009412747914159428,0.03529780467809786,0.016472308849779,0.41463154561872284,0.9836321570296601,0.8292630912374457,0.1251895472583204,0.9789257830725805,0.6683051019053193,0.6212413623345222,0.08471473122743485,0.02353186978539857
UKE1,0,0.41705793136878777,0.37982061606800316,0.013448547318785498,1,0,0,0,0,1,0,8.3,29.1,1.0062959954642616,0.03737136963586745,-0.03205313626460939,0.03737136963586745,0.45722433389113215,0.4717416736342961,0.43552019229491684,0.07258669871581946,0.5282299361992803,0.5204681901979847,0.3495660421324217,0.03880873000647774,0.014373603706102866
UKE2,0,0.36391692754231003,0.3314243447260324,0.011734950116155647,1,0,0,0,0,0,1,4.4,44.3,0.929497770630535,0.05643961635187434,-0.031480763787378796,0.04264326568808283,0.39896537692291617,0.4116329352596702,0.38002675010262055,0.06333779168377009,0.46092353354030713,0.4541507795780822,0.3050247710394631,0.03386376981112461,0.012542136967083187
UKE3,0,0.614021017307787,0.5591977121910203,0.019799864922579867,1,0,0,0,0,1,0,10.5,30.6,1.5031223539033605,0.05290448943767987,0.021373413732822668,0.027510334507593534,0.6731567236050386,0.6945301373378614,0.6412024119846801,0.10686706866411333,0.7776959947338941,0.7662686250153553,0.5146548732497498,0.057136848592694266,0.021161795775071948
UKE4,0,1.020318816352529,0.929218922035339,0.03290143850502761,1,0,0,0,0,0,1,9.3,34.4,2.504419906682328,0.09142785393673199,0.08544987887163798,0.01758227960321769,1.1185846283567094,1.1541008331552092,1.065486143954992,0.17758102399249867,1.2922975508365002,1.2733086888650251,0.8552020799005084,0.09494430985737554,0.03516455920643538
UKF1,0,0.975990231514363,0.6876294812942104,0.022922051123355904,1,0,0,0,0,0,1,7.2,35.8,2.420899406079036,0.12643509817345158,-0.033605118198733186,0.03659963368178862,0.7642668960642586,1.3711553672968262,1.1688592102193038,0.022292504151634886,1.1968080213944878,1.340212040638587,0.7659305157770672,0.02362339992188174,0.03327239425617147
UKF2,0,0.7958731225052085,0.5607287908559424,0.01869183093509355,1,0,0,0,0,0,1,7.8,36.7,1.9855225603953808,0.10581494924216978,0.02767467903256748,0.02713203826722302,0.6232229189981127,1.1181112969922606,0.9531485043275447,0.018178465639039423,0.975939416472012,1.0928785014037432,0.6245795209114738,0.019263747169728344,0.02713203826722302
UKF3,0,0.33134311264498667,0.2334462839089679,0.007781905517266939,1,0,0,0,0,1,0,6.4,31.3,0.8064063003997364,0.08358883068998528,-0.015249313706956775,0.06325641241404291,0.25946424877688673,0.4654994206397694,0.39682103001880853,0.007568177913822992,0.4063094918809149,0.45499433786386584,0.2600290381734407,0.008020009431066155,0.011295787931079092
UKG1,0,0.7040363640946207,0.41159048977839346,0.013339734424347162,1,0,0,0,0,0,1,5.1,40.1,1.4567617168642895,0.07330643249526757,0.016697576290588722,0.02443547749842252,0.5542780812558842,0.542874858423287,0.8709211438396094,0.0678084500581225,0.8145159166140841,0.6493728145205785,0.5612014665471039,0.010995964874290136,0.0203628979153521
UKG2,0,0.8528027676442853,0.49856161800742815,0.016158486999961384,1,0,0,0,0,1,0,6.2,31,1.7399170706415448,0.0715304721414868,-0.011839526423418506,0.04933136009757711,0.6713998109280245,0.6575870301007029,1.0549511356866865,0.08213671456246589,0.9866272019515422,0.786588536755867,0.6797861421446125,0.01331946722634582,0.024665680048788555
UKG3,0,1.5009562963803176,0.8774821424992624,0.028439380971483727,1,0,0,0,0,0,1,13,29.8,2.995012812124351,0.06945963906941531,0.14499699655740445,0.017364909767353828,1.1816821096684278,1.1573712359941324,1.856742976874308,0.1445628738132206,1.7364909767353827,1.3844174312022837,1.1964422829706785,0.023442628185927666,0.043412274418384564
UKH1,2,1.461118955608284,1.095839216706213,0.03433417510403659,1,0,1,0,0,0,1,6.2,37.6,2.7670555429813186,0.21209295155619196,0.014392021712741596,0.06817273442877599,1.113866733083501,1.0123651062673233,1.5592619313515041,0.10112288940268438,1.612285169240552,1.3308832710151046,0.7873950826523626,0.05605313719699359,0.03787374134931999
UKH2,0,1.0694477664739905,0.8020858248554928,0.025130470546426087,1,0,0,0,0,0,1,5.6,41.6,2.0707745245598157,0.15523878631238242,0.05544242368299372,0.019404848289047802,0.8152808402584227,0.7409879925232111,1.1412822915144258,0.07401563561679661,1.1800919880925214,0.9741233841101997,0.5763239941847197,0.04102739352541535,0.02772121184149686
UKH3,1,1.0555021386312076,0.7916266039734056,0.02480276852979562,1,0,1,0,0,0,1,6.3,31.3,1.9666171399720795,0.14500655038747945,-0.019972600336388677,0.019151808541742567,0.8046495560180699,0.7313254890296841,1.1263999395193451,0.07305046972350379,1.1647035566028303,0.961420788795477,0.5688087136897543,0.04049239520254143,0.02735972648820367
UKI3,0,0.8689642390172629,0.6419959676321569,0.01736482171361182,1,0,0,0,0,0,1,6.8,68.2,1.2526994954480615,0.04155464808673597,0.19253653613521,0.013851549362245325,0.6492913763552496,0.6863442708992559,0.3030026422991165,0.09263223636001561,1.0876929136703142,0.46974066774714457,0.14145894786193036,0.032031707900192316,0.017314436702806656
UKI4,0,1.7484173113635602,1.2917411479477048,0.0349392455173493,1,0,0,0,0,0,1,9.8,58.4,2.520519700850746,0.08361088157625143,0.38739708463663164,0.01045136019703143,1.3064200246289286,1.3809730607010862,0.6096626781601667,0.1863825901803938,2.1885148252583813,0.9451513404848756,0.2846253760324893,0.06445005454836049,0.0348378673234381
UKI5,0,1.4240184183570106,1.052073309084657,0.02845666696207706,1,0,0,0,0,0,1,9.5,42.9,2.0792539260561838,0.11633380317727009,0.2332350883212586,0.00851222950077586,1.0640286875969827,1.1247492580358505,0.49654672087859186,0.1518014260971695,1.7824608574624652,0.769789287853497,0.23181638340446262,0.05249208192145114,0.028374098335919536
UKI6,0,0.9871716514654039,0.7293283096647387,0.019727002514873273,1,0,0,0,0,0,1,7.4,51.7,1.4414002695056523,0.08064603036262519,0.16168545599531198,0.005900929050923794,0.7376161313654743,0.779709425262064,0.344220861303888,0.10523323474147432,1.2356545432634425,0.5336406838385418,0.160701967820158,0.03638906248069673,0.019669763503079314
UKI7,0,1.582846760535447,1.1694166365149945,0.031630590261977426,1,0,0,0,0,0,1,8.4,52.3,2.3111641666726888,0.12930913050433981,0.25924903725504234,0.0094616436954395,1.1827054619299375,1.2501985202907393,0.5519292155673041,0.1687326459020044,1.9812681898250313,0.8556479781909121,0.2576720966391357,0.05834680278854359,0.031538812318131666
UKJ1,0,1.181339211680763,0.8538392322049081,0.03837846277253299,1,0,0,0,0,0,1,5.2,48.5,2.712454249655659,0.11565427846633057,0.16806012339638662,0.0361419620207283,0.8113870473653503,1.229910967565384,1.445678480829132,0.12649686707254906,1.2703899650285997,1.3195430333767901,0.9620990289917875,0.06144133543523811,0.0361419620207283
UKJ2,2,1.4209917172803996,1.027053419420487,0.04616411372998667,1,0,1,0,0,0,1,5.5,44.2,3.2357627501790764,0.2825803825898696,0.14998497229770003,0.039126514512443485,0.9759891675603958,1.4794169876205021,1.7389562005530437,0.15215866754839133,1.528107761235987,1.5872322720547907,1.1572753514680507,0.07390563852350436,0.04347390501382609
UKJ3,1,0.9821445964501498,0.7098668865431776,0.03190717742999329,1,0,1,0,0,0,1,5.7,42.1,2.262899074616454,0.1442293926192933,0.04477120729223896,0.024038232103215554,0.6745728883964863,1.0225262980905316,1.2019116051607774,0.10516726545156804,1.0561798230350332,1.0970448176104997,0.7998721732344974,0.05108124321933304,0.03004779012901944
UKJ4,1,0.8997354922841297,0.6503038706608067,0.029229932228038488,1,0,1,0,0,0,1,7.6,35.3,1.9813618680193075,0.16240671049338587,0.0063311090531319916,0.04679515387097558,0.6179712967078834,0.9367288742525289,1.101062444022955,0.09634296385200855,0.9675586226851716,1.0049947457819521,0.7327570564972765,0.04679515387097558,0.027526561100573874
UKK1,0,1.411140589928313,0.7283306270597744,0.019493436932406266,1,0,0,0,0,0,1,6.2,40.8,2.7644335198024033,0.2127635844298366,0.10712833110765456,0.0597231114189015,0.7782667956775602,1.3049499845029977,1.511367988344576,0.13736315626347345,1.2366416758176293,1.5016629827390044,0.8831555101070059,0.11011448667859965,0.037326944636813436
UKK2,2,0.7616262562543389,0.39309742258288455,0.010521073164731852,1,0,1,0,0,0,1,5.4,38.6,1.50109655902835,0.13699445177013528,-0.023571104201626215,0.03021936436105925,0.42004916461872366,0.7043126520417543,0.8157213753195262,0.07413817389913203,0.6674450275212621,0.8104833521636091,0.47666010718844126,0.059431416576749864,0.020146242907372835
UKK3,1,0.3211001172338577,0.16572909276586203,0.004435663553979723,0,1,1,0,1,0,0,5.6,32.7,0.6222423084713865,0.08068935204037908,-0.04433667554218724,0.042468080021252144,0.17709189368862147,0.296936815508595,0.3439065120120999,0.03125650689564158,0.2813934982208167,0.3416981718509947,0.20095895466056515,0.025056167212538765,0.008493616004250429
UKK4,1,0.6765765007371302,0.34920077457400267,0.009346199408619783,1,0,1,0,0,1,0,7,35.6,1.3368715153597477,0.09843096833304701,-0.039193421936249626,0.028634463515068223,0.3731428526807328,0.6256630278042407,0.7246308923281952,0.0658592660846569,0.5929123601588814,0.7199777920069965,0.4234321292290713,0.05279479210590703,0.017896539696917638
UKL1,2,0.9049642999903317,0.8425529689565157,0.011782401143382741,0,1,1,0,1,0,0,7.8,33.5,2.175468645279172,0.12410493176074305,-0.026939851040746667,0.05145814243738127,0.9543971947356656,0.8996094077876302,1.0088822867281868,0.16345527597756404,1.1063500624036973,0.9761912315326742,0.8460324006616509,0.09746777567551042,0.03026949555140075
UKL2,0,0.5330004862728026,0.4962418320470921,0.006939528486318544,1,0,0,0,0,0,1,7.4,40.4,1.2873560744947001,0.11766445217649939,-0.0361907330179233,0.03209030513904529,0.5621151783522766,0.5298465937402367,0.594205483491322,0.09627091541713588,0.651611473795614,0.5749513004078948,0.4982911270201755,0.05740599030429213,0.017827947299469606
UKM2,0,0.7034996644725373,0.6448746924331592,0.01958803732058888,1,0,0,0,0,0,1,7.3,47.8,2.3848267334129436,0.156079217226171,-0.028986140342003183,0.08281754383429481,0.884555073953218,1.3760453437082831,0.8651248040536335,0.058927867728248234,1.387193859224438,0.9574982183303469,0.7424911333759276,0.09746987851267004,0.03185290147472877
UKM3,2,0.8011587293274246,0.7343955018834725,0.02230722754011175,1,0,1,0,0,0,1,8.2,40.8,2.6436991820892723,0.036274686911213945,-0.04244138368612031,0.043529624293456734,1.0073480555244112,1.5670664745644425,0.9852204965085708,0.0671081707857458,1.5797626149833672,1.090417088551091,0.845562951900397,0.11100054194831467,0.036274686911213945
UKM5,0,0.166971133246538,0.1530568721426598,0.004649095024013166,1,0,0,0,0,0,1,4.8,43.5,0.5649649178790964,0.04536049119864282,-0.02373865706062308,0.10659715431681063,0.20994347343105185,0.32659553663022833,0.20533182349252319,0.013986151452914871,0.3292415652834825,0.22725606090520054,0.17622550830672734,0.02313385051130784,0.00756008186644047
UKM6,2,0.16023462882030357,0.14688174308527827,0.004461525780166649,0,1,1,0,0,1,0,5.6,42.5,0.5337553465823573,0.0123336154572517,-0.02858496758915982,0.05368750257862505,0.20147323602816453,0.3134189339725138,0.19704764459938598,0.013421875644656262,0.3159582077431244,0.21808734155587417,0.1691156331226689,0.02220050782305306,0.007255067916030412
UKN0,2,0.8028419405433513,0.703080515978793,0.020875865920355275,1,0,1,0,0,1,0,7.5,32.5,2.0893453194429847,0.01998553872109988,-0.08222621645252522,0.11705815536644214,0.9436029353319298,1.0480987520736809,0.692356162838103,0.1707336022173961,0.948456566164197,1.3561615560746345,0.44567751348052725,0.10421030904573508,0.028550769601571255
